{
    "samples": 1319,
    "accuracy": "44 / 778",
    "average_entropy": 0.11003415573426623,
    "average_entropy_correct_samples": 0.0538767308505349,
    "average_entropy_incorrect_samples": 0.11340054087716021,
    "average_cosine": 0.8087421085691935,
    "average_cosine_correct": 0.8905043862082742,
    "average_cosine_incorrect": 0.8038408276208017,
    "average_tokens_used": 78.13722517058378,
    "average_latency": 15.859494245621722,
    "average_au": 0.3473841752891663,
    "average_eu": 0.04469751632426387,
    "average_au_correct": 0.17086958451704545,
    "average_eu_correct": 0.04318327470259233,
    "average_au_incorrect": 0.35796543141174575,
    "average_eu_incorrect": 0.04478828830158477
}