{
    "samples": 1319,
    "accuracy": "124 / 1169",
    "average_entropy": 0.07224117879556995,
    "average_entropy_correct_samples": 0.036186559719860074,
    "average_entropy_incorrect_samples": 0.07651943024570203,
    "average_cosine": 0.8767724810616894,
    "average_cosine_correct": 0.9295257404286374,
    "average_cosine_incorrect": 0.870512764160731,
    "average_tokens_used": 123.19029567854435,
    "average_latency": 27.639336408314332,
    "average_au": 0.18928498365726032,
    "average_eu": 0.04241740307691444,
    "average_au_correct": 0.08550513482862904,
    "average_eu_correct": 0.04180541089785996,
    "average_au_incorrect": 0.2015995303125237,
    "average_eu_incorrect": 0.04249002224457258
}