{
    "samples": 10,
    "accuracy": "0 / 5",
    "average_entropy": 0.14002524705307728,
    "average_entropy_correct_samples": "no correct samples",
    "average_entropy_incorrect_samples": 0.14002524705307728,
    "average_cosine": 0.74886474609375,
    "average_cosine_correct": "no correct samples",
    "average_cosine_incorrect": 0.74886474609375,
    "average_tokens_used": 156.8,
    "average_latency": 33.75453221797943,
    "average_au": 0.4779296875,
    "average_eu": 0.0446929931640625,
    "average_au_correct": "no correct samples",
    "average_eu_correct": "no correct samples",
    "average_au_incorrect": 0.4779296875,
    "average_eu_incorrect": 0.0446929931640625
}