{
    "samples": 1319,
    "accuracy": "97 / 1209",
    "average_entropy": 0.15310165290416566,
    "average_entropy_correct_samples": 0.08250629744636413,
    "average_entropy_incorrect_samples": 0.15925970099715733,
    "average_cosine": 0.7870653030264639,
    "average_cosine_correct": 0.8584713100158062,
    "average_cosine_incorrect": 0.7808365416254153,
    "average_tokens_used": 149.36618650492798,
    "average_latency": 32.00380761574578,
    "average_au": 0.3851807133695192,
    "average_eu": 0.043558265797942405,
    "average_au_correct": 0.20283974978522337,
    "average_eu_correct": 0.04242858362361737,
    "average_au_incorrect": 0.4010863549771422,
    "average_eu_incorrect": 0.043656808217825076
}