{
    "samples": 1319,
    "accuracy": "91 / 1084",
    "average_entropy": 0.14662284001893208,
    "average_entropy_correct_samples": 0.07538714020492304,
    "average_entropy_incorrect_samples": 0.1531509857219279,
    "average_cosine": 0.795853628626793,
    "average_cosine_correct": 0.8702679728413676,
    "average_cosine_incorrect": 0.7890341872133728,
    "average_tokens_used": 176.16376042456406,
    "average_latency": 39.0669381331096,
    "average_au": 0.3668729349032315,
    "average_eu": 0.043421678240919165,
    "average_au_correct": 0.18947101076007328,
    "average_eu_correct": 0.04221752013042296,
    "average_au_incorrect": 0.38313031163739797,
    "average_eu_incorrect": 0.043532029084882067
}