{
    "samples": 1319,
    "accuracy": "84 / 1257",
    "average_entropy": 0.7384574599012064,
    "average_entropy_correct_samples": 0.6324938771790354,
    "average_entropy_incorrect_samples": 0.7460456448531777,
    "average_tokens_used": 10.670204700530705,
    "average_latency": 1.4327740074559718
}