{
    "samples": 1319,
    "accuracy": "52 / 598",
    "average_entropy": 0.7232479617337444,
    "average_entropy_correct_samples": 0.5864824773218408,
    "average_entropy_incorrect_samples": 0.7362732459634496,
    "average_cosine": 0.2851343586559147,
    "average_cosine_correct": 0.3651072184244792,
    "average_cosine_incorrect": 0.2775178958208133,
    "average_tokens_used": 7.5496588324488245,
    "average_latency": 0.7544817418379708,
    "average_au": 3.7628228263046966,
    "average_eu": 0.0438895983573718,
    "average_au_correct": 2.8723238431490383,
    "average_eu_correct": 0.04275385538736979,
    "average_au_incorrect": 3.847632253271902,
    "average_eu_incorrect": 0.04399776435451484
}