{
    "samples": 1319,
    "accuracy": "98 / 1307",
    "average_entropy": 0.7224071781530164,
    "average_entropy_correct_samples": 0.5934803641904289,
    "average_entropy_incorrect_samples": 0.7328578214684287,
    "average_cosine": 0.47726212043561606,
    "average_cosine_correct": 0.5563195364815848,
    "average_cosine_incorrect": 0.4708538269926839,
    "average_tokens_used": 9.222137983320698,
    "average_latency": 0.9314957022938066,
    "average_au": 1.721552403096147,
    "average_eu": 0.05314188366172783,
    "average_au_correct": 1.3747196950069092,
    "average_eu_correct": 0.051351689967979376,
    "average_au_incorrect": 1.7496662206252993,
    "average_eu_incorrect": 0.0532869944822302
}