{
    "samples": 1319,
    "accuracy": "98 / 1315",
    "average_entropy": 0.7227589420680534,
    "average_entropy_correct_samples": 0.5934803641904289,
    "average_entropy_incorrect_samples": 0.7331692137459557,
    "average_cosine": 0.47724044325528847,
    "average_cosine_correct": 0.5563195364815848,
    "average_cosine_incorrect": 0.47087252942112495,
    "average_tokens_used": 9.167551175132676,
    "average_latency": 0.9451043531694043,
    "average_au": 1.7225748920411894,
    "average_eu": 0.05314585692003775,
    "average_au_correct": 1.3747196950069092,
    "average_eu_correct": 0.051351689967979376,
    "average_au_incorrect": 1.750586239049702,
    "average_eu_incorrect": 0.053290333798675156
}