{
    "samples": 1319,
    "accuracy": "98 / 1272",
    "average_entropy": 0.7225635970550301,
    "average_entropy_correct_samples": 0.5934803641904289,
    "average_entropy_incorrect_samples": 0.733338858401479,
    "average_cosine": 0.4776344360247979,
    "average_cosine_correct": 0.5563195364815848,
    "average_cosine_incorrect": 0.4710661738060883,
    "average_tokens_used": 9.630022744503412,
    "average_latency": 0.9717960869208532,
    "average_au": 1.7213511059214472,
    "average_eu": 0.053130599440149744,
    "average_au_correct": 1.3747196950069092,
    "average_eu_correct": 0.051351689967979376,
    "average_au_incorrect": 1.7502862662873966,
    "average_eu_incorrect": 0.05327909443867845
}