{
    "samples": 15,
    "accuracy": "0 / 8",
    "average_entropy": 0.06631870101867028,
    "average_entropy_correct_samples": "no correct samples",
    "average_entropy_incorrect_samples": 0.06631870101867028,
    "average_tokens_used": 116.73333333333333,
    "average_latency": 26.680384333928426,
    "average_au": 0.1524658203125,
    "average_eu": 0.042446136474609375,
    "average_au_correct": "no correct samples",
    "average_eu_correct": "no correct samples",
    "average_au_incorrect": 0.1524658203125,
    "average_eu_incorrect": 0.042446136474609375
}