{
    "samples": 1319,
    "accuracy": "89 / 1085",
    "average_entropy": 0.7222419127480413,
    "average_entropy_correct_samples": 0.5974226402029623,
    "average_entropy_incorrect_samples": 0.7333954421220493,
    "average_cosine": 0.480034343403335,
    "average_cosine_correct": 0.5612502194522473,
    "average_cosine_incorrect": 0.47277710146723734,
    "average_tokens_used": 11.156937073540561,
    "average_latency": 1.1173318782658899,
    "average_au": 1.7135764808590606,
    "average_eu": 0.053055918882379906,
    "average_au_correct": 1.3907851544212313,
    "average_eu_correct": 0.05131199297387055,
    "average_au_incorrect": 1.7424202841250918,
    "average_eu_incorrect": 0.05321175161918445
}