{
    "samples": 1319,
    "accuracy": "43 / 1278",
    "average_entropy": 0.8055997655122271,
    "average_entropy_correct_samples": 0.7347054701154941,
    "average_entropy_incorrect_samples": 0.8080681498863644,
    "average_cosine": 0.4315527366378355,
    "average_cosine_correct": 0.4864380829093992,
    "average_cosine_incorrect": 0.4296417488729147,
    "average_tokens_used": 9.164518574677786,
    "average_latency": 0.833097060400939,
    "average_au": 2.0452748273131265,
    "average_eu": 0.037777924191197534,
    "average_au_correct": 1.8541178385416666,
    "average_eu_correct": 0.03753248111222142,
    "average_au_incorrect": 2.0519304957480844,
    "average_eu_incorrect": 0.03778646998261128
}