{
    "samples": 1319,
    "accuracy": "45 / 1304",
    "average_entropy": 0.8043911727705114,
    "average_entropy_correct_samples": 0.7346085051609574,
    "average_entropy_incorrect_samples": 0.8068853904372547,
    "average_cosine": 0.4320657779137502,
    "average_cosine_correct": 0.4821268265335648,
    "average_cosine_incorrect": 0.4302764632291659,
    "average_tokens_used": 8.860500379075058,
    "average_latency": 0.8137077670643238,
    "average_au": 2.043184843517485,
    "average_eu": 0.037779607391134534,
    "average_au_correct": 1.8598636429398148,
    "average_eu_correct": 0.037547584816261574,
    "average_au_incorrect": 2.049737229558784,
    "average_eu_incorrect": 0.03778790049349298
}