{
    "samples": 1319,
    "accuracy": "42 / 1197",
    "average_entropy": 0.8058283224225494,
    "average_entropy_correct_samples": 0.7294662603105503,
    "average_entropy_incorrect_samples": 0.8086051246811676,
    "average_cosine": 0.4324048788444986,
    "average_cosine_correct": 0.48687666635664684,
    "average_cosine_incorrect": 0.4304240865713295,
    "average_tokens_used": 10.103866565579985,
    "average_latency": 0.9176842390903476,
    "average_au": 2.048297065479609,
    "average_eu": 0.03777284902562084,
    "average_au_correct": 1.8491563585069444,
    "average_eu_correct": 0.037523663233196926,
    "average_au_incorrect": 2.0555385457331607,
    "average_eu_incorrect": 0.03778191032716354
}