{
    "samples": 1319,
    "accuracy": "76 / 539",
    "average_entropy": 0.2238873730234305,
    "average_entropy_correct_samples": 0.10729398067135841,
    "average_entropy_incorrect_samples": 0.24298469246985688,
    "average_cosine": 0.8020560469615637,
    "average_cosine_correct": 0.9000948186506306,
    "average_cosine_incorrect": 0.786101626060082,
    "average_tokens_used": 168.01971190295677,
    "average_latency": 35.08259139863536,
    "average_au": 0.5509165889451695,
    "average_eu": 0.048765359937536966,
    "average_au_correct": 0.28270734820449556,
    "average_eu_correct": 0.04586213095146313,
    "average_au_incorrect": 0.594760851277028,
    "average_eu_incorrect": 0.04923838971090585
}