{
    "samples": 15,
    "accuracy": "0 / 11",
    "average_entropy": 0.08747103087178355,
    "average_entropy_correct_samples": "no correct samples",
    "average_entropy_incorrect_samples": 0.08747103087178355,
    "average_cosine": 0.8198339288884943,
    "average_cosine_correct": "no correct samples",
    "average_cosine_incorrect": 0.8198339288884943,
    "average_tokens_used": 41.666666666666664,
    "average_latency": 7.576788791020712,
    "average_au": 0.40294300426136365,
    "average_eu": 0.04411963260535038,
    "average_au_correct": "no correct samples",
    "average_eu_correct": "no correct samples",
    "average_au_incorrect": 0.40294300426136365,
    "average_eu_incorrect": 0.04411963260535038
}