{
    "samples": 1319,
    "accuracy": "238 / 1103",
    "average_entropy": 0.1545026568859881,
    "average_entropy_correct_samples": 0.042587099159479724,
    "average_entropy_incorrect_samples": 0.1852956080292355,
    "average_cosine": 0.8628099118182495,
    "average_cosine_correct": 0.9594911121186757,
    "average_cosine_incorrect": 0.8362086104639125,
    "average_tokens_used": 148.55117513267626,
    "average_latency": 31.223712293373264,
    "average_au": 0.37698433925173175,
    "average_eu": 0.046802446249942266,
    "average_au_correct": 0.09779808407738094,
    "average_eu_correct": 0.0440250343301383,
    "average_au_incorrect": 0.45380090425924097,
    "average_eu_incorrect": 0.04756663588799237
}