{
    "samples": 1319,
    "accuracy": "202 / 935",
    "average_entropy": 0.1529166665374089,
    "average_entropy_correct_samples": 0.039745947027138614,
    "average_entropy_incorrect_samples": 0.18410423180490493,
    "average_cosine": 0.8658112847548108,
    "average_cosine_correct": 0.9629515493663624,
    "average_cosine_incorrect": 0.8390413891865526,
    "average_tokens_used": 167.39651250947688,
    "average_latency": 35.87625940466035,
    "average_au": 0.3722387962314173,
    "average_eu": 0.046728699437785765,
    "average_au_correct": 0.08427597398411715,
    "average_eu_correct": 0.043879327050136654,
    "average_au_incorrect": 0.45159553578660777,
    "average_eu_incorrect": 0.047513928936155636
}