{
    "samples": 1319,
    "accuracy": "77 / 1074",
    "average_entropy": 0.7248235116472859,
    "average_entropy_correct_samples": 0.5431163981561173,
    "average_entropy_incorrect_samples": 0.7388570600312577,
    "average_cosine": 0.28330041848673426,
    "average_cosine_correct": 0.38936915542140155,
    "average_cosine_incorrect": 0.27510855013771784,
    "average_tokens_used": 8.38210765731615,
    "average_latency": 1.2313935279484678,
    "average_au": 3.780357393990534,
    "average_eu": 0.043999663529967314,
    "average_au_correct": 2.690042867288961,
    "average_eu_correct": 0.042080899853727,
    "average_au_incorrect": 3.8645642330637746,
    "average_eu_incorrect": 0.04414785290115138
}