{
    "samples": 1319,
    "accuracy": "68 / 909",
    "average_entropy": 0.7215829012572597,
    "average_entropy_correct_samples": 0.5463045431960524,
    "average_entropy_incorrect_samples": 0.7357552298519828,
    "average_cosine": 0.28473637423149867,
    "average_cosine_correct": 0.3858639586205576,
    "average_cosine_incorrect": 0.2765595897624666,
    "average_tokens_used": 8.048521607278241,
    "average_latency": 1.5511881545965558,
    "average_au": 3.762747327792675,
    "average_eu": 0.04404157156641771,
    "average_au_correct": 2.7509693818933822,
    "average_eu_correct": 0.04234665515376072,
    "average_au_incorrect": 3.8445557705051034,
    "average_eu_incorrect": 0.04417861593747678
}