{
    "samples": 1319,
    "accuracy": "92 / 1267",
    "average_entropy": 0.7206013435729229,
    "average_entropy_correct_samples": 0.5453478894237922,
    "average_entropy_incorrect_samples": 0.7343233161531103,
    "average_cosine": 0.282280436743877,
    "average_cosine_correct": 0.38697947626528534,
    "average_cosine_incorrect": 0.2740827247132646,
    "average_tokens_used": 8.658832448824867,
    "average_latency": 1.341776754749463,
    "average_au": 3.784973077089088,
    "average_eu": 0.044070080097522654,
    "average_au_correct": 2.6921185037364133,
    "average_eu_correct": 0.042153720579285556,
    "average_au_incorrect": 3.8705412649601065,
    "average_eu_incorrect": 0.044220126970439935
}