{
    "samples": 1319,
    "accuracy": "93 / 1287",
    "average_entropy": 0.7213447976805274,
    "average_entropy_correct_samples": 0.5466680792082269,
    "average_entropy_incorrect_samples": 0.734950270727365,
    "average_cosine": 0.28169359248155634,
    "average_cosine_correct": 0.3845260784190188,
    "average_cosine_incorrect": 0.27368402699396505,
    "average_tokens_used": 8.750568612585292,
    "average_latency": 1.344835384765116,
    "average_au": 3.7905583403141994,
    "average_eu": 0.044088106864290946,
    "average_au_correct": 2.7051736811155913,
    "average_eu_correct": 0.04220645590067764,
    "average_au_incorrect": 3.87509835145781,
    "average_eu_incorrect": 0.04423466761773822
}