{
    "samples": 1319,
    "accuracy": "91 / 1231",
    "average_entropy": 0.7207545870091725,
    "average_entropy_correct_samples": 0.5436296700656418,
    "average_entropy_incorrect_samples": 0.7348935058178228,
    "average_cosine": 0.2826012527461689,
    "average_cosine_correct": 0.38662283761160715,
    "average_cosine_incorrect": 0.2742977753577873,
    "average_tokens_used": 8.664897649734648,
    "average_latency": 1.3284527825260812,
    "average_au": 3.780309149594672,
    "average_eu": 0.04408912813634431,
    "average_au_correct": 2.6955603966346153,
    "average_eu_correct": 0.04218836075220353,
    "average_au_incorrect": 3.866898743032712,
    "average_eu_incorrect": 0.04424085605911344
}