{
    "samples": 1319,
    "accuracy": "85 / 1166",
    "average_entropy": 0.722545675110726,
    "average_entropy_correct_samples": 0.536145451043499,
    "average_entropy_incorrect_samples": 0.7372024919892777,
    "average_cosine": 0.283553074727132,
    "average_cosine_correct": 0.38789565142463234,
    "average_cosine_incorrect": 0.27534852429300855,
    "average_tokens_used": 8.660348749052313,
    "average_latency": 1.2622088133339813,
    "average_au": 3.7713358526300746,
    "average_eu": 0.044049086224494355,
    "average_au_correct": 2.7048540900735296,
    "average_eu_correct": 0.042172480564491424,
    "average_au_incorrect": 3.8551942705924303,
    "average_eu_incorrect": 0.0441966454114511
}