{
    "samples": 1319,
    "accuracy": "39 / 1303",
    "average_entropy": 0.8074526542381779,
    "average_entropy_correct_samples": 0.7441098631300067,
    "average_entropy_incorrect_samples": 0.8094070599764838,
    "average_cosine": 0.22722237455441024,
    "average_cosine_correct": 0.265949946998531,
    "average_cosine_incorrect": 0.2260274573666565,
    "average_tokens_used": 9.028809704321455,
    "average_latency": 0.9761217988920176,
    "average_au": 2.0761685559080694,
    "average_eu": 0.052088947321933574,
    "average_au_correct": 1.914399706196581,
    "average_eu_correct": 0.05199545835837341,
    "average_au_incorrect": 2.081159841619104,
    "average_eu_incorrect": 0.05209183187065102
}