{
    "samples": 1319,
    "accuracy": "38 / 1260",
    "average_entropy": 0.8071530322466298,
    "average_entropy_correct_samples": 0.7429960490872353,
    "average_entropy_incorrect_samples": 0.8091480939160708,
    "average_cosine": 0.22747795314204938,
    "average_cosine_correct": 0.2671759889836897,
    "average_cosine_incorrect": 0.22624348066906871,
    "average_tokens_used": 9.592115238817286,
    "average_latency": 1.1025361289934645,
    "average_au": 2.0760558316208426,
    "average_eu": 0.05206923040042568,
    "average_au_correct": 1.9078039336622805,
    "average_eu_correct": 0.05198524876644737,
    "average_au_incorrect": 2.081287887367508,
    "average_eu_incorrect": 0.052071841940598496
}