{
    "samples": 1319,
    "accuracy": "33 / 1154",
    "average_entropy": 0.8077400574833903,
    "average_entropy_correct_samples": 0.7545336981521944,
    "average_entropy_incorrect_samples": 0.8093063463843087,
    "average_cosine": 0.22786000380768304,
    "average_cosine_correct": 0.2733498929726957,
    "average_cosine_incorrect": 0.2265208723692839,
    "average_tokens_used": 11.197877179681576,
    "average_latency": 1.1152111563924771,
    "average_au": 2.0762755758309606,
    "average_eu": 0.052064814468790535,
    "average_au_correct": 1.919950481376263,
    "average_eu_correct": 0.05201585557725694,
    "average_au_incorrect": 2.0808774742404212,
    "average_eu_incorrect": 0.05206625572072685
}