{
    "samples": 1319,
    "accuracy": "200 / 779",
    "average_entropy": 0.11853200509071568,
    "average_entropy_correct_samples": 0.05018282009216153,
    "average_entropy_incorrect_samples": 0.14214139541836823,
    "average_tokens_used": 165.62319939347992,
    "average_latency": 41.2165649427077,
    "average_au": 1.5749476599314856,
    "average_eu": 0.06553236804941974,
    "average_au_correct": 1.4967710433467742,
    "average_eu_correct": 0.068023681640625,
    "average_au_incorrect": 1.5865432346402226,
    "average_eu_incorrect": 0.06516284306699219
}