{
    "samples": 10,
    "accuracy": "1 / 7",
    "average_entropy": 0.3161676419984954,
    "average_entropy_correct_samples": 0.0,
    "average_entropy_incorrect_samples": 0.3688622489982447,
    "average_cosine": 0.6396240234375,
    "average_cosine_correct": 1.0,
    "average_cosine_incorrect": 0.5795613606770833,
    "average_tokens_used": 121.7,
    "average_latency": 27.550556349754334,
    "average_au": 1.9334542410714286,
    "average_eu": 0.044449869791666666,
    "average_au_correct": 0.0,
    "average_eu_correct": 0.0362548828125,
    "average_au_incorrect": 2.2556966145833335,
    "average_eu_incorrect": 0.045815700954861115
}