{
    "samples": 10,
    "accuracy": "1 / 10",
    "average_entropy": 0.26806504703637785,
    "average_entropy_correct_samples": 0.0,
    "average_entropy_incorrect_samples": 0.29785005226264205,
    "average_cosine": 0.7619150797526042,
    "average_cosine_correct": 1.0,
    "average_cosine_incorrect": 0.7354611997251157,
    "average_tokens_used": 163.2,
    "average_latency": 28.646548056602477,
    "average_au": 0.6734700520833333,
    "average_eu": 0.03435796101888021,
    "average_au_correct": 0.0,
    "average_eu_correct": 0.031778971354166664,
    "average_au_incorrect": 0.7483000578703705,
    "average_eu_incorrect": 0.0346445154260706
}