prompt_id,entropy
prompt0,0.6813835971202564
prompt1,0.5568401897843269
