{
    "samples": 20,
    "accuracy": "1 / 8",
    "average_entropy": 0.38355925968269733,
    "average_entropy_correct_samples": 0.15733741174829827,
    "average_entropy_incorrect_samples": 0.4158766665304686,
    "average_cosine": 0.5097981770833333,
    "average_cosine_correct": 0.716064453125,
    "average_cosine_incorrect": 0.48033156622023815,
    "average_tokens_used": 234.7,
    "average_latency": 38.49821038246155,
    "average_au": 2.430731201171875,
    "average_eu": 0.04901542663574219,
    "average_au_correct": 0.7884114583333334,
    "average_eu_correct": 0.043416341145833336,
    "average_au_incorrect": 2.6653483072916666,
    "average_eu_incorrect": 0.04981529599144345
}