{
    "samples": 1319,
    "accuracy": "104 / 1261",
    "average_entropy": 0.12527602431003934,
    "average_entropy_correct_samples": 0.053170841259272836,
    "average_entropy_incorrect_samples": 0.1317573890786476,
    "average_cosine": 0.8746440702693603,
    "average_cosine_correct": 0.939444820697491,
    "average_cosine_incorrect": 0.8688192837140227,
    "average_tokens_used": 131.2115238817286,
    "average_latency": 25.946138890246896,
    "average_au": 0.2919423299319741,
    "average_eu": 0.03287081049117494,
    "average_au_correct": 0.10668671436798877,
    "average_eu_correct": 0.0322594471466847,
    "average_au_incorrect": 0.30859452009502897,
    "average_eu_incorrect": 0.03292576449966844
}