{
    "samples": 1319,
    "accuracy": "98 / 1157",
    "average_entropy": 0.12428890807778457,
    "average_entropy_correct_samples": 0.054338034684253536,
    "average_entropy_incorrect_samples": 0.13076217114914063,
    "average_cosine": 0.8749416127972975,
    "average_cosine_correct": 0.9380239992725606,
    "average_cosine_incorrect": 0.8691039604133733,
    "average_tokens_used": 161.30174374526158,
    "average_latency": 33.141983649692726,
    "average_au": 0.2897355606475535,
    "average_eu": 0.0328515340736835,
    "average_au_correct": 0.11147344680059523,
    "average_eu_correct": 0.03224783657359428,
    "average_au_incorrect": 0.30623196022923616,
    "average_eu_incorrect": 0.03290740032015069
}