{
    "samples": 1319,
    "accuracy": "310 / 1311",
    "average_entropy": 0.46432056436521735,
    "average_entropy_correct_samples": 0.18248332351794105,
    "average_entropy_incorrect_samples": 0.5516028267654729,
    "average_cosine": 0.656487420517067,
    "average_cosine_correct": 0.8464815693516885,
    "average_cosine_incorrect": 0.5976480737251263,
    "average_tokens_used": 9.611068991660348,
    "average_latency": 1.116487422072589,
    "average_au": 1.0161034822819048,
    "average_eu": 0.0341611391424782,
    "average_au_correct": 0.38078114499327964,
    "average_eu_correct": 0.03160683252478159,
    "average_au_incorrect": 1.2128566536699907,
    "average_eu_incorrect": 0.03495218314995667
}