{
    "samples": 1319,
    "accuracy": "297 / 1252",
    "average_entropy": 0.46411499000746537,
    "average_entropy_correct_samples": 0.18684352449031835,
    "average_entropy_incorrect_samples": 0.5503449641002326,
    "average_cosine": 0.656996068137613,
    "average_cosine_correct": 0.8440261481185554,
    "average_cosine_incorrect": 0.5988306924786183,
    "average_tokens_used": 10.526156178923427,
    "average_latency": 1.1647464464432005,
    "average_au": 1.017252463952022,
    "average_eu": 0.03414752421342092,
    "average_au_correct": 0.3903452384083895,
    "average_eu_correct": 0.03162847105769062,
    "average_au_incorrect": 1.2122173288593088,
    "average_eu_incorrect": 0.03493093655609307
}