{
    "samples": 1319,
    "accuracy": "307 / 1294",
    "average_entropy": 0.463502812969009,
    "average_entropy_correct_samples": 0.1842665481777255,
    "average_entropy_incorrect_samples": 0.5503574566274935,
    "average_cosine": 0.6569517426347946,
    "average_cosine_correct": 0.8449813892476333,
    "average_cosine_incorrect": 0.5984663307704162,
    "average_tokens_used": 9.883244882486732,
    "average_latency": 1.1374475487802316,
    "average_au": 1.0151291808834961,
    "average_eu": 0.03415471451289696,
    "average_au_correct": 0.38450213338083605,
    "average_eu_correct": 0.0316290574793448,
    "average_au_incorrect": 1.2112816667835131,
    "average_eu_incorrect": 0.0349403038840221
}