{
    "samples": 1319,
    "accuracy": "248 / 1057",
    "average_entropy": 0.4624960596504698,
    "average_entropy_correct_samples": 0.18791097181496685,
    "average_entropy_incorrect_samples": 0.5466704747100554,
    "average_cosine": 0.6579031474634233,
    "average_cosine_correct": 0.8455228702996366,
    "average_cosine_incorrect": 0.6003880779165989,
    "average_tokens_used": 13.5724033358605,
    "average_latency": 1.4974275215545145,
    "average_au": 1.0155584747868518,
    "average_eu": 0.03412764330525095,
    "average_au_correct": 0.3952679377730174,
    "average_eu_correct": 0.031638196719590055,
    "average_au_incorrect": 1.2057093439826874,
    "average_eu_incorrect": 0.03489078638713463
}