{
    "samples": 15,
    "accuracy": "1 / 12",
    "average_entropy": 0.10397625350859953,
    "average_entropy_correct_samples": 0.0,
    "average_entropy_incorrect_samples": 0.11342864019119951,
    "average_tokens_used": 95.8,
    "average_latency": 21.076313543319703,
    "average_au": 0.27273763020833336,
    "average_eu": 0.04322547912597657,
    "average_au_correct": 0.0,
    "average_eu_correct": 0.042205810546875,
    "average_au_incorrect": 0.29753196022727274,
    "average_eu_incorrect": 0.04331817626953125
}