{
    "samples": 20,
    "accuracy": "0 / 6",
    "average_entropy": 0.32875252315398246,
    "average_entropy_correct_samples": "no correct samples",
    "average_entropy_incorrect_samples": 0.32875252315398246,
    "average_cosine": 0.6726717631022135,
    "average_cosine_correct": "no correct samples",
    "average_cosine_incorrect": 0.6726717631022135,
    "average_tokens_used": 406.3,
    "average_latency": 75.3383221745491,
    "average_au": 0.8683756510416667,
    "average_eu": 0.03561884562174479,
    "average_au_correct": "no correct samples",
    "average_eu_correct": "no correct samples",
    "average_au_incorrect": 0.8683756510416667,
    "average_eu_incorrect": 0.03561884562174479
}