{
    "samples": 20,
    "accuracy": "0 / 12",
    "average_entropy": 0.2575518839709214,
    "average_entropy_correct_samples": "no correct samples",
    "average_entropy_incorrect_samples": 0.25755188397092144,
    "average_cosine": 0.661942376030816,
    "average_cosine_correct": "no correct samples",
    "average_cosine_incorrect": 0.661942376030816,
    "average_tokens_used": 248.0,
    "average_latency": 45.986349034309384,
    "average_au": 0.8013735170717592,
    "average_eu": 0.048985940438729746,
    "average_au_correct": "no correct samples",
    "average_eu_correct": "no correct samples",
    "average_au_incorrect": 0.8013735170717592,
    "average_eu_incorrect": 0.048985940438729746
}