{
    "samples": 16,
    "accuracy": "0 / 6",
    "average_entropy": 0.055815203495604704,
    "average_entropy_correct_samples": "no correct samples",
    "average_entropy_incorrect_samples": 0.055815203495604704,
    "average_cosine": 0.9340576171875,
    "average_cosine_correct": "no correct samples",
    "average_cosine_incorrect": 0.9340576171875,
    "average_tokens_used": 176.0,
    "average_latency": 35.38032887876034,
    "average_au": 0.06796875000000001,
    "average_eu": 0.04481709798177083,
    "average_au_correct": "no correct samples",
    "average_eu_correct": "no correct samples",
    "average_au_incorrect": 0.06796875000000001,
    "average_eu_incorrect": 0.04481709798177084
}