{
    "samples": 15,
    "accuracy": "1 / 8",
    "average_entropy": 0.00851404778821827,
    "average_entropy_correct_samples": 0.0,
    "average_entropy_incorrect_samples": 0.009730340329392309,
    "average_tokens_used": 61.8,
    "average_latency": 11.38646378517151,
    "average_au": 0.044840494791666664,
    "average_eu": 0.04286766052246094,
    "average_au_correct": 0.0,
    "average_eu_correct": 0.0445556640625,
    "average_au_incorrect": 0.05124627976190476,
    "average_eu_incorrect": 0.042626517159598205
}