{
    "samples": 717,
    "accuracy": "89 / 390",
    "average_entropy": 0.3202011480985841,
    "average_entropy_correct_samples": 0.1667298480771686,
    "average_entropy_incorrect_samples": 0.36557970524777345,
    "average_cosine": 0.6183368713151585,
    "average_cosine_correct": 0.8019617602173308,
    "average_cosine_incorrect": 0.5640424689487353,
    "average_tokens_used": 213.39609483960948,
    "average_latency": 58.451930728750085,
    "average_au": 1.6001125106823417,
    "average_eu": 0.04350474421111292,
    "average_au_correct": 0.5522402416900749,
    "average_eu_correct": 0.0393801256958465,
    "average_au_incorrect": 1.9099484971950051,
    "average_eu_incorrect": 0.04472431579868338
}