{
    "samples": 717,
    "accuracy": "129 / 569",
    "average_entropy": 0.33911415123728367,
    "average_entropy_correct_samples": 0.17339313919856045,
    "average_entropy_incorrect_samples": 0.38770053885772754,
    "average_cosine": 0.5995051683720191,
    "average_cosine_correct": 0.7846923630983023,
    "average_cosine_incorrect": 0.5452116499181768,
    "average_tokens_used": 125.01673640167364,
    "average_latency": 25.648166584336774,
    "average_au": 1.7253212881149738,
    "average_eu": 0.043935064494183156,
    "average_au_correct": 0.6493787977430555,
    "average_eu_correct": 0.03961218506174802,
    "average_au_incorrect": 2.040768063701286,
    "average_eu_incorrect": 0.04520245414596528
}