{
    "samples": 1319,
    "accuracy": "1180 / 1243",
    "average_entropy": 0.00032638792430111886,
    "average_entropy_correct_samples": 0.0003438137202595684,
    "average_entropy_incorrect_samples": 0.0,
    "average_cosine": 0.9996017149160298,
    "average_cosine_correct": 0.9995804505429026,
    "average_cosine_incorrect": 1.0,
    "average_tokens_used": 406.75739196360877,
    "average_latency": 104.962745860637,
    "average_au": 0.0005337114403157683,
    "average_eu": 0.022394581934923743,
    "average_au_correct": 0.000562206203654661,
    "average_eu_correct": 0.022259925583661612,
    "average_au_incorrect": 0.0,
    "average_eu_incorrect": 0.024916716768087443
}