{
    "samples": 1319,
    "accuracy": "1218 / 1288",
    "average_entropy": 0.00040502234394023567,
    "average_entropy_correct_samples": 0.00042829949014369737,
    "average_entropy_incorrect_samples": 0.0,
    "average_cosine": 0.9994607202754998,
    "average_cosine_correct": 0.9994297271878849,
    "average_cosine_incorrect": 1.0,
    "average_tokens_used": 391.1819560272934,
    "average_latency": 100.20496397618547,
    "average_au": 0.0006479393621409161,
    "average_eu": 0.022452947875516226,
    "average_au_correct": 0.0006851772565168309,
    "average_eu_correct": 0.022304411722651973,
    "average_au_incorrect": 0.0,
    "average_eu_incorrect": 0.02503747693535422
}