{
    "samples": 1032,
    "accuracy": "879 / 916",
    "average_entropy": 0.0004429041374522825,
    "average_entropy_correct_samples": 0.0004615474287898643,
    "average_entropy_incorrect_samples": 0.0,
    "average_cosine": 0.999459532358761,
    "average_cosine_correct": 0.9994367822987771,
    "average_cosine_incorrect": 1.0,
    "average_tokens_used": 429.13178294573646,
    "average_latency": 121.58244855159013,
    "average_au": 0.0007242394326555677,
    "average_eu": 0.02234050538937003,
    "average_au_correct": 0.0007547250515500569,
    "average_eu_correct": 0.022236946924735438,
    "average_au_incorrect": 0.0,
    "average_eu_incorrect": 0.024800718643797258
}