{
    "samples": 1319,
    "accuracy": "31 / 932",
    "average_entropy": 0.8093324703516157,
    "average_entropy_correct_samples": 0.7434213091104028,
    "average_entropy_incorrect_samples": 0.8116002239570294,
    "average_cosine": 0.4324099271935284,
    "average_cosine_correct": 0.4825665217573925,
    "average_cosine_incorrect": 0.43068422860143096,
    "average_tokens_used": 12.821076573161486,
    "average_latency": 1.1776278235859903,
    "average_au": 2.05607228703034,
    "average_eu": 0.03778627194097236,
    "average_au_correct": 1.8708685105846774,
    "average_eu_correct": 0.037495766916582664,
    "average_au_incorrect": 2.062444448040124,
    "average_eu_incorrect": 0.03779626711939198
}