{
    "samples": 1319,
    "accuracy": "24 / 875",
    "average_entropy": 0.8043053843401343,
    "average_entropy_correct_samples": 0.7881472843443497,
    "average_entropy_incorrect_samples": 0.8047610769369602,
    "average_cosine": 0.2283406411099596,
    "average_cosine_correct": 0.25362811618381076,
    "average_cosine_incorrect": 0.22762748082585568,
    "average_tokens_used": 15.031084154662624,
    "average_latency": 1.5046295009841515,
    "average_au": 2.0706247595131804,
    "average_eu": 0.05204129310659811,
    "average_au_correct": 1.9815999348958335,
    "average_eu_correct": 0.05205794440375434,
    "average_au_incorrect": 2.0731354478690163,
    "average_eu_incorrect": 0.05204082350479817
}