{
    "samples": 100,
    "accuracy": "0 / 76",
    "average_entropy": 0.7286399992187849,
    "average_entropy_correct_samples": "no correct samples",
    "average_entropy_incorrect_samples": 0.7286399992187849,
    "average_cosine": 0.14265186912135075,
    "average_cosine_correct": "no correct samples",
    "average_cosine_incorrect": 0.14265186912135075,
    "average_tokens_used": 13.69,
    "average_latency": 1.8068554186820984,
    "average_au": 2.7454310902378016,
    "average_eu": 0.06118754671331037,
    "average_au_correct": "no correct samples",
    "average_eu_correct": "no correct samples",
    "average_au_incorrect": 2.745431090237802,
    "average_eu_incorrect": 0.061187546713310385
}